Country,Accomodation 2010,F&B 2010,Passenger transport 2010,Travel agencies 2010,Others 2010,Accomodation 2011,F&B 2011,Passenger transport 2011,Travel agencies 2011,Others 2011,Accomodation 2012,F&B 2012,Passenger transport 2012,Travel agencies 2012,Others 2012,Accomodation 2013,F&B 2013,Passenger transport 2013,Travel agencies 2013,Others 2013,Accomodation 2014,F&B 2014,Passenger transport 2014,Travel agencies 2014,Others 2014,Accomodation 2015,F&B 2015,Passenger transport 2015,Travel agencies 2015,Others 2015,Accomodation 2016,F&B 2016,Passenger transport 2016,Travel agencies 2016,Others 2016,Accomodation 2017,F&B 2017,Passenger transport 2017,Travel agencies 2017,Others 2017,Accomodation 2018,F&B 2018,Passenger transport 2018,Travel agencies 2018,Others 2018,Accomodation 2019,F&B 2019,Passenger transport 2019,Travel agencies 2019,Others 2019,Accomodation 2020,F&B 2020,Passenger transport 2020,Travel agencies 2020,Others 2020,Accomodation 2021,F&B 2021,Passenger transport 2021,Travel agencies 2021,Others 2021
Afghanistan,..,..,..,..,..,..,..,..,..,..,..,..,..,..,..,..,..,..,..,..,..,..,..,..,..,..,..,..,..,..,..,..,..,..,..,..,..,..,..,..,..,..,..,..,..,..,..,..,..,..,..,..,..,..,..,..,..,..,..,..
Albania,11.9,..,5.9,4.2,..,13.3,..,5.1,4.3,..,14.7,..,5.9,0.8,..,18,..,6.4,0.9,..,19.4,..,6.2,1.1,..,21.8,..,6.2,1,..,30,..,7.7,1.5,..,33.4,..,8.3,1.9,..,35.6,..,9.2,1.9,..,40.7,..,8.7,2.6,..,32.6,..,8.1,1.7,..,..,..,..,..,..
Algeria,..,..,..,..,..,..,..,..,..,..,..,..,..,..,..,..,..,..,..,..,..,..,..,..,..,..,..,..,..,..,..,..,..,..,..,..,..,..,..,..,..,..,..,..,..,..,..,..,..,..,..,..,..,..,..,..,..,..,..,..
American Samoa,..,..,..,..,..,..,..,..,..,..,..,..,..,..,..,..,..,..,..,..,..,..,..,..,..,..,..,..,..,..,..,..,..,..,..,..,..,..,..,..,..,..,..,..,..,..,..,..,..,..,..,..,..,..,..,..,..,..,..,..
Andorra,..,..,..,..,..,..,..,..,..,..,..,..,..,..,..,..,..,..,..,..,..,..,..,..,..,..,..,..,..,..,..,..,..,..,..,..,..,..,..,..,..,..,..,..,..,..,..,..,..,..,..,..,..,..,..,..,..,..,..,..
Angola,72.594,55.927,..,10.346,..,72.084,61.292,..,12.188,..,78.7,65.719,..,13.535,..,84.141,74.844,..,14.493,..,88.979,98.476,..,15.311,..,92.3,104,..,23,..,93,105,..,23,..,94,106,..,23,..,161,169,..,249,..,107.2,55.4,..,52.9,..,35.7,18.4,..,10.1,..,..,..,..,..,..
Anguilla,..,..,..,..,..,..,..,..,..,..,..,..,..,..,..,..,..,..,..,..,..,..,..,..,..,..,..,..,..,..,..,..,..,..,..,..,..,..,..,..,..,..,..,..,..,..,..,..,..,..,..,..,..,..,..,..,..,..,..,..
Antigua And Barbuda,..,..,..,..,..,..,..,..,..,..,..,..,..,..,..,..,..,..,..,..,..,..,..,..,..,..,..,..,..,..,..,..,..,..,..,..,..,..,..,..,..,..,..,..,..,..,..,..,..,..,..,..,..,..,..,..,..,..,..,..
Argentina,96.9,460.7,209.7,..,227.3,90.3,452.7,210.9,..,236,95.5,461.4,217.6,..,228,82.5,495.1,233,..,251.1,79.6,475.8,217.7,..,240.8,..,..,..,..,..,89.04982074,485.4625953,204.9866397,29.51837071,437.187069,88.99451054,505.3788183,206.8292907,30.4846146,442.1912802,88.47708225,518.0782031,195.6876868,31.12765144,437.7868443,92.20667702,509.4210731,185.6433491,29.90937259,442.4404337,..,..,..,..,..,..,..,..,..,..
Armenia,..,..,..,..,..,..,..,..,..,..,..,..,..,..,..,..,..,..,..,..,..,..,..,..,..,..,..,..,..,..,..,..,..,..,..,..,..,..,..,..,..,..,..,..,..,..,..,..,..,..,..,..,..,..,..,..,..,..,..,..
Aruba,..,..,..,..,..,..,..,..,..,..,..,..,..,..,..,..,..,..,..,..,..,..,..,..,..,..,..,..,..,..,..,..,..,..,..,..,..,..,..,..,..,..,..,..,..,..,..,..,..,..,..,..,..,..,..,..,..,..,..,..
Australia,73,167.7,55.6,31.1,187.7,72.2,173.8,56.4,31.2,192.6,77.4,176.1,63.4,39.2,191.6,78.5,182.3,61.1,38.2,193.2,79.5,165.6,61.9,38,198.4,84.2,181.4,62,40.4,207.6,83.5,191.3,62.6,38.3,217.4,84.4,202.4,64.5,41.9,221.5,85.6,212.7,69.1,43.7,240.5,83.4,216.1,73.2,45,256.5,74.7,205.8,71.1,42.6,242.1,62.7,198.4,56,31.3,158.5
Austria,58.7,87.1,52.8,30.2,24.1,58.4,88.3,54.7,30.6,22,61.6,95.3,53.4,31.6,20.1,63.8,99.1,54.1,32.8,20.7,..,..,..,..,..,..,..,..,..,..,..,..,..,..,..,..,..,..,..,..,130.6,..,34.5,11.5,22.7,134.7,..,35.7,11.9,23.4,102.5,..,12.1,10.8,12.3,..,..,..,..,..
Azerbaijan,6.021,..,..,1.418,29.4,6.198,..,..,1.541,29.9,7.321,..,..,1.73,29.8,8.259,..,..,1.729,30.8,9,..,..,1.8,31,8.364,..,..,1.586,39.499,9.838,..,..,1.838,31.801,10.015,..,..,1.891,34.931,11,..,..,2.074,40.1,12,..,..,2.2,44.8,10.7,..,..,1.464,36.8,..,..,..,..,..
Bahamas,..,..,..,..,..,..,..,..,..,..,..,..,..,..,..,..,..,..,..,..,..,..,..,..,..,..,..,..,..,..,..,..,..,..,..,..,..,..,..,..,..,..,..,..,..,..,..,..,..,..,..,..,..,..,..,..,..,..,..,..
Bahrain,..,..,..,..,..,..,..,..,..,..,11,2,1,2,2,13,2,1,2,1,14,2,1,3,1,15,3,1,3,1,15,2,..,2,1,12,40,4,4,4,15,47,4,4,3,14,51,5,2,4,8,45,4,2,9,10,46,7,2,5
Bangladesh,..,..,..,..,..,..,..,..,..,..,..,..,..,..,..,..,..,..,..,..,..,..,..,..,..,..,..,..,..,..,..,..,..,..,..,..,..,..,..,..,..,..,..,..,..,..,..,..,..,..,..,..,..,..,..,..,..,..,..,..
Barbados,..,..,..,..,..,..,..,..,..,..,..,..,..,..,..,..,..,..,..,..,..,..,..,..,..,..,..,..,..,..,..,..,..,..,..,..,..,..,..,..,..,..,..,..,..,..,..,..,..,..,..,..,..,..,..,..,..,..,..,..
Belarus,8,..,..,3.7,..,8.9,..,..,3.6,..,..,..,..,..,..,..,..,..,..,..,..,..,..,..,..,..,..,..,..,..,..,..,..,..,..,..,..,..,..,..,..,..,..,..,..,..,..,..,..,..,..,..,..,..,..,..,..,..,..,..
Belgium,15.737,69.84,39.144,6.721,2.934,..,..,..,..,..,..,..,..,..,..,..,..,..,..,..,..,..,..,..,..,..,..,..,..,..,..,..,..,..,..,..,..,..,..,..,..,..,..,..,..,..,..,..,..,..,..,..,..,..,..,..,..,..,..,..
Belize,5.9,..,..,..,..,5.9,..,..,..,..,6.5,..,0.6,0.8,7.6,7.3,..,1,0.8,9.8,12.5,..,1.8,2.6,2.3,8.792,5.115,1.819,1.5,2.39,9.414,5.655,1.827,1.901,2.073,9.859,6.27,1.845,2.085,2.031,9.946,6.901,1.867,2.221,2.088,9.947,7.24,1.853,2.428,2.077,7.885,5.266,1.038,2.045,0.942,7.9,5,0.1,1.7,1
Benin,..,..,..,..,..,..,..,..,..,..,..,..,..,..,..,..,..,..,..,..,..,..,..,..,..,..,..,..,..,..,..,..,..,..,..,..,..,..,..,..,..,..,..,..,..,..,..,..,..,..,..,..,..,..,..,..,..,..,..,..
Bermuda,..,..,..,..,..,..,..,..,..,..,..,..,..,..,..,..,..,..,..,..,..,..,..,..,..,..,..,..,..,..,..,..,..,..,..,..,..,..,..,..,..,..,..,..,..,..,..,..,..,..,..,..,..,..,..,..,..,..,..,..
Bhutan,..,..,..,..,..,..,..,..,..,..,..,..,..,..,..,..,..,..,..,..,..,..,..,..,..,..,..,..,..,..,..,..,..,..,..,..,..,..,..,..,..,..,..,..,..,..,..,..,..,..,..,..,..,..,..,..,..,..,..,..
"Bolivia, Plurinational State Of",..,..,..,..,..,..,..,..,..,..,..,..,..,..,..,..,..,..,..,..,..,..,..,..,..,..,..,..,..,..,..,..,..,..,..,..,..,..,..,..,..,..,..,..,..,..,..,..,..,..,..,..,..,..,..,..,..,..,..,..
Bonaire,..,..,..,..,..,..,..,..,..,..,..,..,..,..,..,..,..,..,..,..,..,..,..,..,..,..,..,..,..,..,..,..,..,..,..,..,..,..,..,..,..,..,..,..,..,..,..,..,..,..,..,..,..,..,..,..,..,..,..,..
Bosnia And Herzegovina,..,..,..,..,..,5.3,15.3,..,7,..,5.3,14.3,..,7,..,5.3,15.8,..,0.7,..,5.4,18.1,..,0.7,..,5.3,18.6,..,0.7,..,5.9,29.2,..,0.8,..,6.9,31.5,..,1,..,7.4,32.9,..,1.1,..,7.8,34.1,..,1.2,..,6.5,32.1,..,1,..,6.241,31.798,..,0.842,..
Botswana,..,..,..,..,..,..,..,..,..,..,..,..,..,..,..,..,..,..,..,..,..,..,..,..,..,..,..,..,..,..,..,..,..,..,..,..,..,..,..,..,..,..,..,..,..,..,..,..,..,..,..,..,..,..,..,..,..,..,..,..
Brazil,288.9,1086.4,449.3,96,74.8,298.1,1111,470.2,102.6,70.7,301.9,1119,468.9,102,67.9,318.8,1009.7,443.4,98.3,68.7,340.2,1085.9,447.3,96.3,75.4,340.4,1132.5,433.7,90.6,77.7,318.5,1201,436.8,91.3,81.9,312.628,1216.988,423.108,91.37,83.947,316.682,1267.526,414.175,94.771,89.788,318.6,1275.2,420.9,92.9,84.6,..,..,..,..,..,..,..,..,..,..
British Virgin Islands,..,..,..,..,..,..,..,..,..,..,..,..,..,..,..,..,..,..,..,..,..,..,..,..,..,..,..,..,..,..,..,..,..,..,..,..,..,..,..,..,..,..,..,..,..,..,..,..,..,..,..,..,..,..,..,..,..,..,..,..
Brunei Darussalam,..,..,..,..,..,..,..,..,..,..,..,..,..,..,..,1.9,..,..,0.6,..,2,..,..,0.7,..,2.1,..,..,0.7,..,2.2,..,..,0.7,..,2.2,..,..,0.8,..,2.2,..,..,0.8,..,2.3,..,..,0.9,..,2.2,..,..,0.9,..,..,..,..,..,..
Bulgaria,..,..,..,..,..,..,..,..,..,..,..,..,..,..,..,..,..,..,..,..,..,..,..,..,..,..,..,..,..,..,..,..,..,..,..,..,..,..,..,..,..,..,..,..,..,..,..,..,..,..,..,..,..,..,..,..,..,..,..,..
Burkina Faso,..,..,..,..,..,..,..,..,..,..,..,..,..,..,..,..,..,..,..,..,..,..,..,..,..,..,..,..,..,..,..,..,..,..,..,..,..,..,..,..,..,..,..,..,..,..,..,..,..,..,..,..,..,..,..,..,..,..,..,..
Burundi,..,..,..,..,..,..,..,..,..,..,..,..,..,..,..,..,..,..,..,..,..,..,..,..,..,..,..,..,..,..,..,..,..,..,..,..,..,..,..,..,..,..,..,..,..,..,..,..,..,..,..,..,..,..,..,..,..,..,..,..
Cabo Verde,..,..,..,..,..,..,..,..,..,..,..,..,..,..,..,..,..,..,..,..,..,..,..,..,..,..,..,..,..,..,..,..,..,..,..,..,..,..,..,..,..,..,..,..,..,..,..,..,..,..,..,..,..,..,..,..,..,..,..,..
Cambodia,..,..,..,..,..,..,..,..,..,..,..,..,..,..,..,..,..,..,..,..,..,..,..,..,..,..,..,..,..,..,..,..,..,..,..,..,..,..,..,..,..,..,..,..,..,..,..,..,..,..,..,..,..,..,..,..,..,..,..,..
Cameroon,7.8,16,..,1.5,..,8.2,16,..,1.6,..,8.5,17,..,1.7,..,..,..,..,..,..,..,..,..,..,..,..,..,..,..,..,..,..,..,..,..,..,..,..,..,..,..,..,..,..,..,..,..,..,..,..,..,..,..,..,..,..,..,..,..,..
Canada,..,..,..,..,..,..,..,..,..,..,..,..,..,..,..,..,..,..,..,..,..,..,..,..,..,..,..,..,..,..,..,..,..,..,..,..,..,..,..,..,..,..,..,..,..,..,..,..,..,..,..,..,..,..,..,..,..,..,..,..
Cayman Islands,..,..,..,..,..,..,..,..,..,..,..,..,..,..,..,..,..,..,..,..,..,..,..,..,..,..,..,..,..,..,..,..,..,..,..,..,..,..,..,..,..,..,..,..,..,..,..,..,..,..,..,..,..,..,..,..,..,..,..,..
Central African Republic,..,..,..,..,..,..,..,..,..,..,..,..,..,..,..,..,..,..,..,..,..,..,..,..,..,..,..,..,..,..,..,..,..,..,..,..,..,..,..,..,..,..,..,..,..,..,..,..,..,..,..,..,..,..,..,..,..,..,..,..
Chad,..,..,..,..,..,..,..,..,..,..,..,..,..,..,..,..,..,..,..,..,..,..,..,..,..,..,..,..,..,..,..,..,..,..,..,..,..,..,..,..,..,..,..,..,..,..,..,..,..,..,..,..,..,..,..,..,..,..,..,..
Chile,28.4,99.1,43.9,5.7,83.9,31,102.6,47.5,5.8,92.5,44.4,122.1,65.7,7.6,133.8,43.8,128.1,65.9,7.6,136.1,43,127.8,65.5,8.1,138.8,45,135.2,64,8.4,142.9,44.9,146.2,65.5,9,154.3,44.5,150.4,68,9.5,164.2,52.6,220.3,69.9,9.6,152,49.9,257.9,81.5,10.1,140.9,33.7,178,66,6.1,110.6,..,..,..,..,..
China,..,..,..,..,..,..,..,..,..,..,..,..,..,..,..,..,..,..,..,..,..,..,..,..,..,..,..,..,..,..,..,..,..,..,..,..,..,..,..,..,..,..,..,..,..,..,..,..,..,..,..,..,..,..,..,..,..,..,..,..
Colombia,..,..,..,..,..,..,..,..,..,..,..,..,..,..,..,..,..,..,..,..,..,..,..,..,..,..,..,..,..,..,..,..,..,..,..,..,..,..,..,..,..,..,..,..,..,..,..,..,..,..,..,..,..,..,..,..,..,..,..,..
Comoros,..,..,..,..,..,..,..,..,..,..,..,..,..,..,..,..,..,..,..,..,..,..,..,..,..,..,..,..,..,..,..,..,..,..,..,..,..,..,..,..,..,..,..,..,..,1,0.5,..,0.5,..,0.2,0.5,..,0.3,..,0.6,0.7,..,0.4,..
Congo,..,..,..,..,..,..,..,..,..,..,..,..,..,..,..,6.504,15.34,..,0.3,..,8.6,16.3,..,0.4,..,9.4,16.9,..,0.4,..,8.9,17.2,..,0.5,..,6.7,3.6,..,0.3,..,4.4,2.8,..,0.3,..,..,..,..,..,..,..,..,..,..,..,..,..,..,..,..
"Congo, Democratic Republic Of The",..,..,..,..,..,..,..,..,..,..,..,..,..,..,..,..,..,..,..,..,..,..,..,..,..,..,..,..,..,..,..,..,..,..,..,..,..,..,..,..,..,..,..,..,..,..,..,..,..,..,..,..,..,..,..,..,..,..,..,..
Cook Islands,..,..,..,..,..,..,..,..,..,..,..,..,..,..,..,..,..,..,..,..,..,..,..,..,..,..,..,..,..,..,..,..,..,..,..,..,..,..,..,..,..,..,..,..,..,..,..,..,..,..,..,..,..,..,..,..,..,..,..,..
Costa Rica,..,..,..,..,..,..,..,..,..,..,..,..,..,..,..,25.8,89.3,3.1,6.5,25.8,26.4,87.4,2.9,7.9,23.3,30.1,92.7,4.9,6.3,22.6,30.1,89.7,7.2,5.2,20.2,28.7,98.8,4.1,5.9,17.8,27.6,99.4,8.4,6.2,19.4,31.7,103.1,7,5,24.1,17.9,89.4,9.8,3,7.4,24.293,100.963,13.496,..,11.732
Cote D´Ivoire,..,..,..,..,..,..,..,..,..,..,..,..,..,..,..,..,..,..,..,..,..,..,..,..,..,..,..,..,2.39,..,47.68,60.8,..,4.512,..,50.6,64.4,..,5.7,0.4,50.6,64.4,..,5.7,0.4,53.6,67.6,..,7.2,0.4,..,..,..,..,..,..,..,..,..,..
Croatia,29.6,16.7,..,5.1,..,30.3,17.2,..,5.2,..,31,18.5,..,5.4,..,30.9,19.8,..,5.2,..,32.2,24.5,..,5.8,..,31.5,23.9,..,5.9,..,35.7,32.2,..,5.5,..,38.8,35.1,..,5.6,..,41.8,38.7,..,6.1,..,44.3,41,..,6.3,..,35.1,38.2,..,5.2,..,36.2,39.5,..,4.5,..
Cuba,..,..,..,..,..,..,..,..,..,..,..,..,..,..,..,..,..,..,..,..,..,..,..,..,..,..,..,..,..,..,..,..,..,..,..,..,..,..,..,..,..,..,..,..,..,..,..,..,..,..,..,..,..,..,..,..,..,..,..,..
Curaçao,..,..,..,..,..,..,..,..,..,..,..,..,..,..,..,..,..,..,..,..,..,..,..,..,..,..,..,..,..,..,..,..,..,..,..,..,..,..,..,..,..,..,..,..,..,..,..,..,..,..,..,..,..,..,..,..,..,..,..,..
Cyprus,16.132,20.786,..,2.013,..,16.819,19.43,..,2.054,..,16.8,18.5,..,1.9,..,16.3,16.9,..,1.5,..,17,18.9,..,1.5,..,17.1,20.2,..,1.6,..,18.5,22,..,1.8,..,19.9,23.9,..,1.8,..,..,..,..,..,..,..,..,..,..,..,..,..,..,..,..,..,..,..,..,..
Czech Republic (Czechia),38.23934,71.12101391,34.03782541,14.875,77.29558444,41.9,69.7,28.8,12.1,80.1,39.9,69.8,27.5,12.2,80.2,39.6,69.10348478,27.3,12.9,79.8184754,39.04153,65.65777828,27.2,12.341,80.76278157,41,66.2,27.3,12.853,81.8,41.9,67.9,27.2,13,83.3,42.2,71.3,27.2,13.7,84.4,42.7,71.43,27.51,13.997,84.95,42.2,69.7,27.3,15.1,85.3,43.13,68.69,27.58,14.04,85.34,..,..,..,..,..
Denmark,14.1,77.5,44.3,5.2,..,14,83.5,42.2,5.2,..,14.5,88.7,43.9,5.3,..,14.7,91.4,41.4,5.3,..,16.073,100.314,42.963,5.603,..,16.683,106.761,43.756,5.621,..,16.92,113.735,43.986,5.91,..,17.48,117.758,44.097,6.207,..,17.729,120.394,45.134,6.125,..,18.3,123.5,45.1,6.3,..,13.1,105.4,38.6,4,..,..,..,..,..,..
Djibouti,..,..,..,..,..,..,..,..,..,..,..,..,..,..,..,..,..,..,..,..,..,..,..,..,..,..,..,..,..,..,..,..,..,..,..,..,..,..,..,..,..,..,..,..,..,..,..,..,..,..,..,..,..,..,..,..,..,..,..,..
Dominica,..,..,..,..,..,..,..,..,..,..,..,..,..,..,..,..,..,..,..,..,..,..,..,..,..,..,..,..,..,..,..,..,..,..,..,..,..,..,..,..,..,..,..,..,..,..,..,..,..,..,..,..,..,..,..,..,..,..,..,..
Dominican Republic,55.8,..,..,..,139.6,55.7,..,..,..,139.1,57.5,..,..,..,143.7,61.8,..,..,..,154.7,62.2,..,..,..,157.7,71.7,..,..,..,182.5,88.7,..,..,..,226.4,90.1,..,..,..,233.4,94.7,..,..,..,241.8,100.716,..,..,..,257.649,40,..,..,..,101.7,..,..,..,..,..
Ecuador,26.1,54.6,2.8,6.4,2.9,28.1,61.6,2.7,7.6,2.4,29.6,65.1,2.7,7.8,1.1,31.9,69.8,3,8.2,1.2,33.5,75.6,2.9,8.7,1.4,35.5,85.4,3,9.5,1.6,33.1,88.2,3.2,8.7,3,27.9,88.6,3,8.4,4.2,28.4,89.8,3.2,9,4.1,28.3,88.9,3.3,9.7,4.3,..,..,..,..,..,..,..,..,..,..
Egypt,162.8,365.9,928.4,88.4,83.9,137.7,326.4,1017.6,84.4,79.4,153,366,1028.8,70.1,74.9,133.4,382.4,1022.7,58.2,78.6,128,408,1069,48,71,153,488,1180,63,73,..,..,..,..,..,..,..,..,..,..,..,..,..,..,..,..,..,..,..,..,..,..,..,..,..,..,..,..,..,..
El Salvador,5,16.9,7.7,..,11.3,5.5,17.3,7.7,..,12.2,4.6,19,8.3,..,12.7,4.6,19.8,13.5,..,7.7,4.7,20.8,13.7,..,9.2,5.4,21.5,13.6,..,8.2,5.9,23.4,13.7,..,7,5.9,25.1,12.2,..,9.1,5.6,26.8,10.8,..,11.8,5.7,28.1,11.1,..,12.2,4.7,26.1,10.3,..,11.1,4.6,28.9,10.5,..,11.9
Equatorial Guinea,..,..,..,..,..,..,..,..,..,..,..,..,..,..,..,..,..,..,..,..,..,..,..,..,..,..,..,..,..,..,..,..,..,..,..,..,..,..,..,..,..,..,..,..,..,..,..,..,..,..,..,..,..,..,..,..,..,..,..,..
Eritrea,..,..,..,..,..,..,..,..,..,..,..,..,..,..,..,..,..,..,..,..,..,..,..,..,..,..,..,..,..,..,..,..,..,..,..,..,..,..,..,..,..,..,..,..,..,..,..,..,..,..,..,..,..,..,..,..,..,..,..,..
Estonia,5.3,12.4,..,1.4,..,5.8,12.9,..,1.5,..,5.8,13.7,..,1.5,..,5.9,14.4,..,1.6,..,6.2,15.9,..,1.5,..,6.8,16.8,..,1.6,..,7.2,17.6,..,1.6,..,7.3,19.1,..,1.8,..,7.1,17.9,..,1.8,..,7,19.5,..,1.9,..,5.6,16.8,..,1.6,..,..,..,..,..,..
Eswatini,2.49,3.397,6.866,0.278,1.332,..,..,..,..,..,..,..,..,..,..,..,..,..,..,..,..,..,..,..,..,..,..,..,..,..,..,..,..,..,..,..,..,..,..,..,..,..,..,..,..,..,..,..,..,..,..,..,..,..,..,..,..,..,..,..
Ethiopia,..,..,..,..,..,..,..,..,..,..,..,..,..,..,..,..,..,..,..,..,..,..,..,..,..,..,..,..,..,..,..,..,..,..,..,..,..,..,..,..,..,..,..,..,..,..,..,..,..,..,..,..,..,..,..,..,..,..,..,..
Fiji,..,..,..,..,..,..,..,..,..,..,..,..,..,..,..,..,..,..,..,..,..,..,..,..,..,..,..,..,..,..,..,..,..,..,..,..,..,..,..,..,..,..,..,..,..,..,..,..,..,..,..,..,..,..,..,..,..,..,..,..
Finland,..,..,..,..,..,14.5,61.6,33.9,2.2,18.2,14.8,63.5,37.7,2,18.5,14.5,63.8,37.5,2,18.9,14.6,65.7,37.8,2.1,19,15,66.4,35.1,2.2,18.7,14.9,67.6,35.5,2.7,18.8,15.1,69.3,32.7,2.8,19,16,72.6,37.6,2.8,18.7,16.3,77.3,38,2.9,19.6,12.3,65.1,31.1,2.4,17.8,..,..,..,..,..
France,174.8,570,281.2,47.9,118,176.4,588.6,275.4,47.8,116.7,172.982,602.692,276.76,47.247,111.015,170.231,603.085,274.68,46.635,111.075,171.813,610.663,273.557,45.749,112.26,171.774,627.177,271.6483079,45.471,113.503,172.274,656.105,270.4766684,44.903,116.613,173.4,691.8,271.7,45.2,123.2,176,710.3,274.7,45.5,121.1,..,..,..,..,..,..,..,..,..,..,..,..,..,..,..
French Guiana,..,..,..,..,..,..,..,..,..,..,..,..,..,..,..,..,..,..,..,..,..,..,..,..,..,..,..,..,..,..,..,..,..,..,..,..,..,..,..,..,..,..,..,..,..,..,..,..,..,..,..,..,..,..,..,..,..,..,..,..
French Polynesia,4.178,2.057,3.38,0.264,0.26,4.124,1.967,3.32,0.243,0.255,4.072,1.929,3.248,0.244,0.278,4.079,1.987,3.205,0.239,0.308,4.317,1.94,3.273,0.242,0.326,4.453,1.966,3.313,0.2,0.3,4.6,2,3.3,0.2,0.3,4.9,2.1,3.5,0.2,0.4,5,2.2,3.6,0.3,0.4,5.2,2.2,3.7,0.3,0.4,3.5,2.1,3.6,0.2,0.5,4.4,2.4,3.6,0.2,0.4
Gabon,..,..,..,..,..,..,..,..,..,..,..,..,..,..,..,..,..,..,..,..,..,..,..,..,..,..,..,..,..,..,..,..,..,..,..,..,..,..,..,..,..,..,..,..,..,..,..,..,..,..,..,..,..,..,..,..,..,..,..,..
Gambia,..,..,..,..,..,..,..,..,..,..,..,..,..,..,..,..,..,..,..,..,..,..,..,..,..,..,..,..,..,..,..,..,..,..,..,..,..,..,..,..,..,..,..,..,..,..,..,..,..,..,..,..,..,..,..,..,..,..,..,..
Georgia,5.3,10.8,25.5,3.9,..,6.3,18,24.1,5.2,..,7.944833266,19.91342608,25.68212248,5.641881238,..,8.7,19.2,25.9,..,..,9,21.2,13.8,2.4,43.7,11.1,20.5,14,2.6,45.2,13.5,22,14.4,3.2,49.6,16.8,23.8,15.2,3.3,52.2,..,..,..,..,..,..,..,..,..,..,..,..,..,..,..,..,..,..,..,..
Germany,440.154,1196.698,439.75,84.004,..,456.8,1255,442.9,86.5,..,479.4,1236.5,421.7,79.7,..,453.9,1176.8,436.2,87.1,..,485.8,1306.6,465.9,80.7,..,489.9,1360.3,479.3,88.2,..,503.4,1444.7,503.8,92.6,..,518.2,1482.2,..,94.4,..,514.6,1517.1,..,96.5,..,486,1493.9,..,96.9,..,363.6,1111.1,..,77.2,..,..,..,..,..,..
Ghana,..,..,..,..,..,..,..,..,..,..,..,..,..,..,..,..,..,..,..,..,..,..,..,..,..,..,..,..,..,..,..,..,..,..,..,..,..,..,..,..,..,..,..,..,..,..,..,..,..,..,..,..,..,..,..,..,..,..,..,..
Greece,45.8373175,132.4073275,71.38908,11.4306575,2.511915,47.730485,123.220895,68.3164625,9.811125,2.114095,48.4295875,109.3733625,62.28747,9.4214825,1.3408025,43.78949,108.6164875,60.8353675,9.0214175,0.8282125,57.06936,136.1250575,55.5767725,16.4949375,0.594655,58.020095,153.602805,56.8603775,12.9140625,1.8588675,57.3563725,164.96842,70.2812075,13.9540425,2.055725,64.0451325,165.2850925,68.2382525,13.9851225,2.25345,73.5,172,59.9,9.9,3.3,73.57694,196.7963875,59.072845,12.009965,4.3676875,47.47,179.74,67.9,13.01,2.63,65.04950237,168.5932186,69.44582613,13.39084571,2.141973349
Grenada,..,..,..,..,..,..,..,..,..,..,..,..,..,..,..,..,..,..,..,..,..,..,..,..,..,3.55,..,..,..,..,3.55,..,..,..,..,3.6,..,..,..,..,3.9,..,..,..,..,4.1,..,..,..,..,2.8,..,..,..,..,..,..,..,..,..
Guadeloupe,..,..,..,..,..,..,..,..,..,..,..,..,..,..,..,..,..,..,..,..,..,..,..,..,..,..,..,..,..,..,..,..,..,..,..,..,..,..,..,..,..,..,..,..,..,..,..,..,..,..,..,..,..,..,..,..,..,..,..,..
Guam,..,..,..,..,..,..,..,..,..,..,..,..,..,..,..,..,..,..,..,..,..,..,..,..,..,..,..,..,..,..,..,..,..,..,..,..,..,..,..,..,..,..,..,..,..,..,..,..,..,..,..,..,..,..,..,..,..,..,..,..
Guatemala,..,..,..,..,..,..,..,..,..,..,..,..,..,..,..,..,..,..,..,..,..,..,..,..,..,..,..,..,..,..,..,..,..,..,..,..,..,..,..,..,..,..,..,..,..,..,..,..,..,..,..,..,..,..,..,..,..,..,..,..
Guinea,..,..,..,..,..,..,..,..,..,..,..,..,..,..,..,..,..,..,..,..,..,..,..,..,..,..,..,..,..,..,..,..,..,..,..,..,..,..,..,..,..,..,..,..,..,..,..,..,..,..,..,..,..,..,..,..,..,..,..,..
Guinea-Bissau,..,..,..,..,..,..,..,..,..,..,..,..,..,..,..,..,..,..,..,..,..,..,..,..,..,..,..,..,..,..,..,..,..,..,..,..,..,..,..,..,..,..,..,..,..,..,..,..,..,..,..,..,..,..,..,..,..,..,..,..
Guyana,..,..,..,..,..,..,..,..,..,..,..,..,..,..,..,..,..,..,..,..,..,..,..,..,..,..,..,..,..,..,..,..,..,..,..,..,..,..,..,..,..,..,..,..,..,..,..,..,..,..,..,..,..,..,..,..,..,..,..,..
Haiti,..,..,..,..,..,..,..,..,..,..,..,..,..,..,..,..,..,..,..,..,..,..,..,..,..,..,..,..,..,..,..,..,..,..,..,..,..,..,..,..,..,..,..,..,..,..,..,..,..,..,..,..,..,..,..,..,..,..,..,..
Honduras,10.4,108.8,61.2,0.9,14.1,11.5,104.3,53.1,0.8,13.9,9.7,98.2,57.7,1.5,12.4,9.3,120.8,61.3,1.3,15.7,12,122.8,59.7,1.1,14.8,10.996,150.973,65.637,0.931,17.643,15,153.8,58.9,2.2,18.1,15.9,166.3,69.8,1.9,9.9,10.5,200.1,76.1,1,19.5,11.669,174.681,70.562,2.468,15.459,7.178328212,219.6083076,47.0945738,0.23226335,7.914668085,..,191.4,21.7,0.3,18
"Hong Kong, China",34.5,37.3,..,19.1,124.2,39,42.8,..,19.4,134.7,39.4,45.9,..,19.8,145.7,39.9,49,..,19.9,161.6,40.1,51.7,..,19.7,159.8,37.3,52.7,..,20.4,155.5,36.6,49.6,..,20.4,153.2,37.8,50.9,..,20.3,148,37.1,49.9,..,19.4,150.5,34,43.7,..,19,134.3,3.6,3.9,..,17.3,23.8,..,..,..,..,..
Hungary,30.419,104.945,83.101,8.646,61.691,37.49,106.582,82.516,8.563,62.453,39.848,103.194,76.055,6.659,65.776,35.297,98.92,78.875,7.581,58.49,31.531,106.875,87.706,10.792,65.078,35.829,116.79,94.561,8.756,83.721,38.117,123.366,95.836,8.187,83.429,34.533,124.058,100.312,9.216,73.852,39.351,106.528,93.696,7.001,85.258,42.348,99.326,106.132,8.798,86.042,30.646,91.194,95.487,8.653,86.988,28.01,109.912,91.943,4.267,85.426
Iceland,2.354333333,2.213,5.86525,1.89725,2.3795,2.6815,2.521416667,6.153583333,2.068333333,2.417333333,3.1805,2.9355,6.5565,2.149583333,2.5245,3.6965,3.38925,7.037583333,2.248833333,2.70725,4.217166667,3.857583333,7.54275,2.416333333,2.970583333,4.984916667,4.572,8.33625,2.572166667,3.260916667,5.99025,5.53725,9.350166667,3.1245,4.257833333,6.645583333,6.1325,10.02266667,3.76175,5.000583333,6.768083333,6.228,9.814583333,5.2445,4.348833333,6.66275,6.147083333,9.268666667,4.399,3.94425,4.050916667,3.721916667,7.28625,3.13875,3.459416667,..,..,..,..,..
India,..,..,..,..,..,..,..,..,..,..,..,..,..,..,..,676.131,7579.6,12481.473,1073.487,7502.859,764.574,7584.257,12897.335,1135.231,7978.062,1012.572,7613.215,13340.285,1202.193,8345.259,1240.9,7630.5,13611.3,1272.2,9262.7,780.875,8107.682,14275.395,984.398,7551.443,852,8645.295,14380.761,940.729,8260.073,923.49,9173.388,14672.111,954.7,9101.834,..,..,..,..,..,..,..,..,..,..
Indonesia,149.7,..,..,..,..,164.1,..,..,..,..,172.8,..,..,..,..,183.74,..,..,..,..,198.5,..,..,..,..,202.7,..,..,..,..,209.3,..,..,..,..,..,..,..,..,..,211.4,..,..,..,..,407.3,209.8,21.4,90.1,2191.2,348.3,158.6,15.3,68,1974.3,..,..,..,..,..
"Iran, Islamic Republic Of",..,..,..,..,..,..,..,..,..,..,..,..,..,..,..,..,..,..,..,..,..,..,..,..,..,..,..,..,..,..,..,..,..,..,..,..,..,..,..,..,..,..,..,..,..,..,..,..,..,..,..,..,..,..,..,..,..,..,..,..
Iraq,..,..,..,..,..,..,..,..,..,..,..,..,..,..,..,..,..,..,..,..,..,..,..,..,..,..,..,..,..,..,..,..,..,..,..,..,..,..,..,..,..,..,..,..,..,..,..,..,..,..,..,..,..,..,..,..,..,..,..,..
Ireland,..,..,..,..,..,..,..,..,..,..,..,..,..,..,..,..,..,..,..,..,..,..,..,..,..,..,..,..,..,..,..,..,..,..,..,..,..,..,..,..,..,..,..,..,..,..,..,..,..,..,..,..,..,..,..,..,..,..,..,..
Israel,33,103.7,60.7,..,..,34.1,135.5,60.8,..,..,33.9,84.4,59.3,14.8,..,34.2,90.1,65.9,18.1,..,35.2,95.7,65.9,20.2,..,36.9,14.4,16.8,21.3,40.5,37.2,15.1,17.4,19.2,41.5,40.5,15.4,17.3,22.1,42.5,40.6,15.8,18.1,20.3,42.2,42.1,16.2,20.8,19.6,46.8,21.1,12.7,18.9,16.7,45,26.4,13,14.25,11.5,40.45
Italy,..,..,..,..,..,..,..,..,..,..,..,..,..,..,..,..,..,..,..,..,..,..,..,..,..,..,..,..,..,..,..,..,..,..,..,..,..,..,..,..,..,..,..,..,..,..,..,..,..,..,..,..,..,..,..,..,..,..,..,..
Jamaica,37.018,..,..,..,..,34.921,..,..,..,..,35.197,..,..,..,..,33.938,..,..,..,..,35.166,..,..,..,..,39.3,..,..,..,..,47,..,..,..,..,48.439,..,..,..,..,50.1,..,..,..,..,51.2,..,..,..,..,30.7,..,..,..,..,41.3,..,..,..,..
Japan,367.9313189,959.7038547,1336.758165,579.2500296,728.2922938,391.6835196,943.0036141,1326.457703,594.584928,695.6648588,366.482791,936.5045381,1314.477046,601.2500553,730.3279658,360,920,1350,630,750,400,920,1440,630,750,540,2850,930,630,640,544.75,2933.25,925.4,642.91,668.11,554.72,2844.2,877,627.44,616.58,596.56,3053.56,859.57,641.85,626.08,617.37,3066.63,887.22,649.08,668.25,..,..,..,..,..,..,..,..,..,..
Jordan,15.083,17.091,0.939,4.528,4.265,15.15,17.638,0.939,4.619,4.457,15.419,18.439,0.94,4.719,4.426,18.4,19.6,1,4.8,4.6,18.644,19.45,1.047,4.9,4.553,19.058,19.508,1.047,4.975,4.508,19.3,20.3,1,5,4.8,20.67,20.195,1.047,4.885,4.473,20.67,20.38,1.047,4.885,4.568,20.918,20.701,2.05,4.793,5.026,16.9,13,2.1,4,5.1,19.9,17.7,2.1,4.2,5.3
Kazakhstan,48.7,72.4,..,6.1,57.4,47.7,..,..,4.9,61.6,21.5,..,..,5,60.5,22,..,..,6.6,61.5,25.7,..,..,6.5,65.8,25.3,..,..,7.3,68.2,26.5,..,..,7.2,70.2,27.6,..,..,7.3,71.8,29.2,..,..,7.4,74.9,30,..,..,7.4,75.4,26.3,..,..,7.8,75.3,27.3,..,..,6,75.7
Kenya,..,..,..,..,..,..,..,..,..,..,..,..,..,..,..,..,..,..,..,..,..,..,..,..,..,..,..,..,..,..,..,..,..,..,..,..,..,..,..,..,..,..,..,..,..,..,..,..,..,..,..,..,..,..,..,..,..,..,..,..
Kiribati,..,..,..,..,..,..,..,..,..,..,..,..,..,..,..,..,..,..,..,..,..,..,..,..,..,..,..,..,..,..,..,..,..,..,..,0.462,..,..,..,..,..,..,..,..,..,0.5,..,..,..,..,..,..,..,..,..,..,..,..,..,..
"Korea, Democratic People´S Republic Of",..,..,..,..,..,..,..,..,..,..,..,..,..,..,..,..,..,..,..,..,..,..,..,..,..,..,..,..,..,..,..,..,..,..,..,..,..,..,..,..,..,..,..,..,..,..,..,..,..,..,..,..,..,..,..,..,..,..,..,..
"Korea, Republic Of",..,..,..,..,..,62.8,39.7,..,59.3,42.8,70.8,41.6,..,70,47.3,63.9,42.2,..,70.6,50.5,67.5,39.5,..,69.4,54,70.3,27.9,..,84.6,52.8,73.6,27.1,..,98.4,62.8,71.8,29,..,107.2,72.3,69.9,32.8,..,99.1,65.8,70.7,35.6,..,103.3,66,49.9,26.4,..,61.8,52.8,..,..,..,..,..
Kuwait,..,..,..,..,..,..,..,..,..,..,..,..,..,..,..,..,..,..,..,..,..,..,..,..,..,..,..,..,..,..,..,..,..,..,..,..,..,..,..,..,..,..,..,..,..,..,..,..,..,..,..,..,..,..,..,..,..,..,..,..
Kyrgyzstan,1.564,0.701,..,1.067,4.006,1.644,0.737,..,1.269,4.107,1.48,0.852,..,1.21,4.287,1.6,0.7,..,1.4,4.1,1.7,1.2,..,1.3,0.7,1.6,1.1,..,1.5,0.7,1.5,1.1,8.2,1.5,0.7,1.2,1.2,11.4,1.6,0.6,1.4,1.1,12,1.6,0.6,1.6,1.3,11,1.5,0.7,0.8,1.1,4,0.8,0.4,1.5,1.2,10.2,1,0.6
Lao People´S Democratic Republic,..,..,..,..,..,..,..,..,..,..,..,..,..,..,..,..,..,..,..,..,..,..,..,..,..,..,..,..,..,..,..,..,..,..,..,..,..,..,..,..,..,..,..,..,..,..,..,..,..,..,..,..,..,..,..,..,..,..,..,..
Latvia,..,..,..,..,..,3.7,20.8,18.9,2,16.2,2.5,24.9,18,2.7,23,3.2,22.2,18.8,2.6,21.6,4.6,23.6,20.2,2.8,22.6,5,24.8,18.4,2.4,22.6,4.7,24.5,22.1,1.5,25.5,3.7,24.8,17.8,2.8,25,4.5,26.7,16.8,2.5,25.5,5.4,25.5,13.6,2,27.9,5,23.3,11.3,2.1,25.3,3,21.2,12,1.9,21.5
Lebanon,..,..,..,..,..,71.7,250,..,4,..,40.5,..,..,4,..,35.5,..,..,3,..,..,..,..,2.5,..,..,..,..,2,..,..,..,..,2,..,..,..,..,1.7,..,..,..,..,1.719,..,..,..,..,1.55,..,..,..,..,..,..,..,..,..,..,..
Lesotho,2.48,..,..,..,..,2.279,..,..,..,..,2.678,..,..,..,..,..,..,..,..,..,2.567,..,..,..,..,2.3,..,..,..,..,2.1,..,..,..,..,2.7,..,..,..,..,2.6,..,..,..,..,2.6,..,..,..,..,..,..,..,..,..,..,..,..,..,..
Liberia,..,..,..,..,..,..,..,..,..,..,..,..,..,..,..,..,..,..,..,..,..,..,..,..,..,..,..,..,..,..,..,..,..,..,..,..,..,..,..,..,..,..,..,..,..,..,..,..,..,..,..,..,..,..,..,..,..,..,..,..
Libya,..,..,..,..,..,..,..,..,..,..,..,..,..,..,..,..,..,..,..,..,..,..,..,..,..,..,..,..,..,..,..,..,..,..,..,..,..,..,..,..,..,..,..,..,..,..,..,..,..,..,..,..,..,..,..,..,..,..,..,..
Liechtenstein,0.3211,..,..,..,..,0.3088,..,..,..,..,0.3,..,..,..,..,0.2748,..,..,..,..,0.3,..,..,..,..,0.3,..,..,..,..,0.3,..,..,..,..,0.3,..,..,..,..,0.3,..,..,..,..,0.3,..,..,..,..,0.3,..,..,..,..,0.3,..,..,..,..
Lithuania,10.2,12.7,8.8,2.5,6.6,10.5,12.7,9.3,2.6,5.3,11,12,9.1,2.8,5.5,11.3,12.6,9.2,3,6,11.8,13.1,10.1,3.1,8,12.4,13.6,10.3,3.3,6.7,13.1,12.5,11.1,3.3,7.2,..,..,..,..,..,14.2,14.5,10.7,3.4,5.5,14.3,15.6,10.9,3.5,7.2,..,..,..,..,..,..,..,..,..,..
Luxembourg,..,..,..,..,..,..,..,..,..,..,..,..,..,..,..,..,..,..,..,..,..,..,..,..,..,..,..,..,..,..,..,..,..,..,..,..,..,..,..,..,..,..,..,..,..,..,..,..,..,..,..,..,..,..,..,..,..,..,..,..
"Macao, China",26.721,22.172,6.4,3.034,43.742,33.052,21.219,6.7,3.379,49.101,39.5,22,6.9,3.7,53.773,39.9,26.1,7,3.9,55.8,39.5,30.4,8.1,4.2,57.8,45.3,32.3,7.3,4.5,56.2,49.628,32.6,8.3,4.3,55.794,49.4,32.7,8.9,4.5,56.6,50.8,33.6,9.8,4.5,57.2,51.9,34,10.1,4.7,58.2,42.7,32.8,8.9,3.7,56.6,..,..,..,..,..
Madagascar,23.845,..,..,5.544,..,25.412,..,..,5.795,..,28.325,..,..,6,..,30.4,..,..,6.3,..,31.5,..,..,6.5,..,32.693,..,..,6.691,..,33.778,..,..,7.329,..,36.581,..,..,7.902,..,37.8,..,..,8.2,..,39.1,..,..,8.3,..,40.4,..,..,0.1,..,..,..,..,..,..
Malawi,..,..,..,..,..,..,..,..,..,..,..,..,..,..,..,..,..,..,..,..,..,..,..,..,..,..,..,..,..,..,..,..,..,..,..,..,..,..,..,..,..,..,..,..,..,..,..,..,..,..,..,..,..,..,..,..,..,..,..,..
Malaysia,176.2,647.6,143.5,22.8,1104.6,176.1,743.4,139.5,33.5,1385.9,188.7,746.4,152.9,28,1449.6,180.8,831.7,153.5,31.7,1478.3,231.2,900.7,154.6,37.4,1536,184.1,912.7,159.2,32.7,1610.1,207.4,1002.6,164.5,35.8,1771.5,210.5,1087,162.5,40.1,1808.5,222.4,1183,171.3,38.7,1855.7,233.8,1237.7,177.3,40.7,1872.3,208.5,1191.6,165.2,34.1,1858.1,..,..,..,..,..
Maldives,..,..,..,..,..,..,..,..,..,..,..,..,..,..,..,..,..,..,..,..,..,..,..,..,..,..,..,..,..,..,..,..,..,..,..,..,..,..,..,..,..,..,..,..,..,..,..,..,..,..,..,..,..,..,..,..,..,..,..,..
Mali,..,..,..,..,..,..,..,..,..,..,8.554,..,..,..,20.2,8.883,..,..,..,22.2,10.525,..,..,..,21.1,13.271,..,..,..,..,..,..,..,..,..,..,..,..,..,..,..,..,..,..,..,..,..,..,..,..,..,..,..,..,..,..,..,..,..,..
Malta,..,..,..,..,..,..,..,..,..,..,..,..,..,..,..,..,..,..,..,..,..,..,..,..,..,..,..,..,..,..,..,..,..,..,..,..,..,..,..,..,..,..,..,..,..,..,..,..,..,..,..,..,..,..,..,..,..,..,..,..
Marshall Islands,..,..,..,..,..,..,..,..,..,..,..,..,..,..,..,..,..,..,..,..,..,..,..,..,..,..,..,..,..,..,..,..,..,..,..,..,..,..,..,..,..,..,..,..,..,..,..,..,..,..,..,..,..,..,..,..,..,..,..,..
Martinique,..,..,..,..,..,1.647,3.862,1.389,0.228,2.656,1.647,3.862,1.389,0.228,2.656,1.647,3.862,1.389,0.228,2.656,1.647,3.862,1.389,0.228,2.656,..,..,..,..,..,..,..,..,..,..,..,..,..,..,..,1.1,3.304,2.263,0.269,2.766,1.1,3.304,2.263,0.269,2.766,1.1,3.3,2.3,0.3,2.8,..,..,..,..,..
Mauritania,..,..,..,..,..,..,..,..,..,..,..,..,..,..,..,..,..,..,..,..,..,..,..,..,..,..,..,..,..,..,..,..,..,..,..,..,..,..,..,..,..,..,..,..,..,..,..,..,..,..,..,..,..,..,..,..,..,..,..,..
Mauritius,21.27,2.572,..,3.899,..,21.83,2.678,..,4.1,..,22.225,3.006,..,3.946,..,22.397,3.157,..,3.865,..,22.559,3.266,..,3.806,..,22.583,3.258,..,3.793,..,23.639,3.407,..,3.755,..,24.183,3.238,..,3.664,..,24.412,3.351,..,3.604,..,24.51,3.526,..,3.514,..,25.039,3.662,..,3.552,..,21.693,3.463,..,2.702,..
Mexico,146.775,591.311,511.281,17.92,793.841,142.25,595.99,516.544,18.203,815.092,140.799,609.733,518.965,19.192,824.126,144.366,620.109,524.89,19.373,825.638,148.521,619.663,540.357,20.018,832.467,155.017,639.36,551.225,20.381,824.523,151.292,630.867,562.184,15.483,857.565,150.536,633.464,574.839,16.04,879.148,150.912,651.624,584.637,14.976,854.147,149.996,665.757,590.189,14.557,835.197,124.683,549.719,519.528,12.323,740.56,..,..,..,..,..
"Micronesia, Federated States Of",..,..,..,..,..,..,..,..,..,..,..,..,..,..,..,..,..,..,..,..,..,..,..,..,..,..,..,..,..,..,..,..,..,..,..,..,..,..,..,..,..,..,..,..,..,..,..,..,..,..,..,..,..,..,..,..,..,..,..,..
"Moldova, Republic Of",1.6,..,..,1.3,..,1.6,..,..,1.3,..,1.6,..,..,1.5,..,1.6,..,..,1.4,..,1.6,..,..,1.5,..,1.6,..,..,1.5,..,1.6,..,..,1.5,..,1.6,..,..,1.5,..,1.7,..,..,1.5,..,1.8,..,..,1.6,..,1.1,..,..,1.4,..,1.2,..,..,1.4,..
Monaco,..,..,..,..,..,..,..,..,..,..,..,..,..,..,..,4.1,1.8,..,..,..,4,1.8,..,..,..,3.8,1.8,..,..,..,3.7,1.8,..,..,..,5.7,1.9,..,..,..,5.8,2,..,..,..,5.9,2,..,..,..,5.5,1.7,..,..,..,5.1,2.1,..,..,..
Mongolia,3.647,3.365,..,..,..,3.79,4.774,..,..,..,4.141,5.45,..,..,..,4.901,8.368,..,..,..,4.63,7.696,..,..,..,4.894,8.824,..,..,..,4.795,9.151,..,..,..,4.483,9.239,..,..,..,5.272,10.95,..,..,..,6.2,10.9,..,..,..,4.4,8.3,..,..,..,..,..,..,..,..
Montenegro,..,..,..,..,..,..,..,..,..,..,..,..,..,..,..,..,..,..,..,..,..,..,..,..,..,..,..,..,..,..,..,..,..,..,..,..,..,..,..,..,..,..,..,..,..,..,..,..,..,..,..,..,..,..,..,..,..,..,..,..
Montserrat,..,..,..,..,..,..,..,..,..,..,..,..,..,..,..,..,..,..,..,..,..,..,..,..,..,..,..,..,..,..,..,..,..,..,..,..,..,..,..,..,..,..,..,..,..,..,..,..,..,..,..,..,..,..,..,..,..,..,..,..
Morocco,127.526,103.654,39.445,22.084,140.291,135.478,110.118,41.904,23.461,149.039,121.25,78.57,31.04,21.34,232.8,125,81,32,22,240,128,82,34,22.3,238.7,128.5,82.3,34.1,22.4,239.7,130.5,83.6,34.6,22.7,243.6,135,86,36,23,252,140,88,36,24,260,145,90,38,25,267,..,..,..,..,..,..,..,..,..,..
Mozambique,9,14.1,8.3,0.2,2.1,12.6,17.1,10,0.2,2.1,15.1,17.4,10,0.7,2.1,..,..,..,..,..,..,..,..,..,..,..,..,..,..,..,21.5,21.1,..,1.3,..,..,..,..,..,..,..,..,..,..,..,..,..,..,..,..,..,..,..,..,..,..,..,..,..,..
Myanmar,..,..,..,..,..,..,..,..,..,..,..,..,..,..,..,..,..,..,..,..,..,..,..,..,..,..,..,..,..,..,..,..,..,..,..,..,..,..,..,..,..,..,..,..,..,..,..,..,..,..,..,..,..,..,..,..,..,..,..,..
Namibia,..,..,..,..,..,..,..,..,..,..,..,..,..,..,..,..,..,..,..,..,..,..,..,..,..,..,..,..,..,..,..,..,..,..,..,..,..,..,..,..,..,..,..,..,..,..,..,..,..,..,..,..,..,..,..,..,..,..,..,..
Nauru,..,..,..,..,..,..,..,..,..,..,..,..,..,..,..,..,..,..,..,..,..,..,..,..,..,..,..,..,..,..,..,..,..,..,..,..,..,..,..,..,..,..,..,..,..,..,..,..,..,..,..,..,..,..,..,..,..,..,..,..
Nepal,..,..,..,..,..,..,..,..,..,..,..,..,..,..,..,..,..,..,..,..,..,..,..,..,..,..,..,..,..,..,..,..,..,..,..,..,..,..,..,..,..,..,..,..,..,..,..,..,..,..,..,..,..,..,..,..,..,..,..,..
Netherlands,..,..,..,..,..,..,..,..,..,..,..,..,..,..,..,..,..,..,..,..,..,..,..,..,..,..,..,..,..,..,..,..,..,..,..,..,..,..,..,..,..,..,..,..,..,115.4,502.5,..,..,..,..,..,..,..,..,..,..,..,..,..
New Caledonia,..,..,..,..,..,..,..,..,..,..,..,..,..,..,..,..,..,..,..,..,..,..,..,..,..,..,..,..,..,..,..,..,..,..,..,..,..,..,..,..,..,..,..,..,..,..,..,..,..,..,..,..,..,..,..,..,..,..,..,..
New Zealand,30.3,97.7,22.9,6.42,1.9,30.1,99.1,23.1,6.3,1.9,28.9,101.2,23.2,6.2,1.9,28.6,103.1,22.9,6.3,1.9,29.6,106.3,14.78,6.5,2.2,30.3,112.8,15.76,6.9,2,31.6,119.5,11.3,7.3,2.2,33,127.8,12.1,7.8,2.4,34.4,130.7,12.2,8.2,..,35,134.4,12.5,8.4,..,34.9,136.5,12.6,8.4,..,26.7,133.3,11,3.6,..
Nicaragua,..,..,..,..,..,..,..,..,..,..,..,..,..,..,..,..,..,..,..,..,..,..,..,..,..,..,..,..,..,..,..,..,..,..,..,..,..,..,..,..,..,..,..,..,..,..,..,..,..,..,..,..,..,..,..,..,..,..,..,..
Niger,..,..,..,..,..,..,..,..,..,..,..,..,..,..,..,..,..,..,..,..,..,..,..,..,..,..,..,..,..,..,..,..,..,..,..,..,..,..,..,..,..,..,..,..,..,..,..,..,..,..,..,..,..,..,..,..,..,..,..,..
Nigeria,..,..,..,..,..,..,..,..,..,..,..,..,..,..,..,..,..,..,..,..,194.2,416,47.4,42,95.9,240.7,562,51.8,27.1,128.8,278.5,842.5,56.4,34.6,130,284,859.3,57.5,35.2,132.8,289.6,876.4,58.6,35.9,135.7,295.3,893.9,59.7,36.6,138.6,73.8,223.4,14.9,9.1,34,76.3,230.2,15.4,9.4,35.1
Niue,..,..,..,..,..,..,..,..,..,..,..,..,..,..,..,..,..,..,..,..,..,..,..,..,..,..,..,..,..,..,..,..,..,..,..,..,..,..,..,..,..,..,..,..,..,..,..,..,..,..,..,..,..,..,..,..,..,..,..,..
North Macedonia,..,..,..,..,..,..,..,..,..,..,..,..,..,..,..,..,..,..,..,..,..,..,..,..,..,..,..,..,..,..,..,..,..,..,..,..,..,..,..,..,..,..,..,..,..,..,..,..,..,..,..,..,..,..,..,..,..,..,..,..
Northern Mariana Islands,..,..,..,..,..,..,..,..,..,..,..,..,..,..,..,..,..,..,..,..,..,..,..,..,..,..,..,..,..,..,..,..,..,..,..,..,..,..,..,..,..,..,..,..,..,..,..,..,..,..,..,..,..,..,..,..,..,..,..,..
Norway,22.1,40.7,49.9,5,26.5,22.8,41.8,49.3,5.1,32.5,23.3,42.1,49.8,5.3,32.5,23.4,43.8,50.1,5.3,31.3,24.2,45.6,50.3,5.2,31.6,25,46.8,50.6,5.5,31.3,25.2,48.9,51.1,5.4,31.9,22.5,47.1,50,5.2,40.2,23.1,48.3,50.5,5.5,41.3,23.2,49.2,42.2,5.6,42.2,..,..,..,..,..,..,..,..,..,..
Oman,..,..,..,..,..,..,..,..,..,..,..,..,..,..,..,..,..,..,..,..,..,..,..,..,..,..,..,..,..,..,..,..,..,..,..,..,..,..,..,..,..,..,..,..,..,..,..,..,..,..,..,..,..,..,..,..,..,..,..,..
Pakistan,..,..,..,..,..,..,..,..,..,..,..,..,..,..,..,..,..,..,..,..,..,..,..,..,..,..,..,..,..,..,..,..,..,..,..,..,..,..,..,..,..,..,..,..,..,..,..,..,..,..,..,..,..,..,..,..,..,..,..,..
Palau,..,..,..,..,..,..,..,..,..,..,..,..,..,..,..,..,..,..,..,..,..,..,..,..,..,..,..,..,..,..,..,..,..,..,..,..,..,..,..,..,..,..,..,..,..,..,..,..,..,..,..,..,..,..,..,..,..,..,..,..
Panama,16.861,7.986,..,..,104.924,16.961,7.854,..,..,105.895,17.362,7.923,..,..,106.698,17.944,8.179,..,..,106.91,17.855,8.238,..,..,107.834,18.153,8.223,..,..,108.453,18.919,8.54,..,..,108.363,19.483,8.799,..,..,109.795,20.057,9,..,..,109.991,20.624,9.97,..,..,110.024,20.835,10.213,..,..,109.825,20.2,9.704,..,..,111.549
Papua New Guinea,..,..,..,..,..,..,..,..,..,..,..,..,..,..,..,..,..,..,..,..,..,..,..,..,..,..,..,..,..,..,..,..,..,..,..,..,..,..,..,..,..,..,..,..,..,..,..,..,..,..,..,..,..,..,..,..,..,..,..,..
Paraguay,4.33,..,..,1.29,..,5.3,..,0.2,2,..,6.1,..,0.2,1.6,..,6.9,..,0.4,1.7,..,6.8,..,1.3,1.6,..,7.4,..,1.3,1.9,..,7.9,..,1.4,2,..,8,..,1.4,2,..,7.3,..,1.4,2.1,..,8.4,..,1.4,2.4,..,6.6,..,0.6,2.1,..,..,..,..,..,..
Peru,..,..,..,..,..,..,..,..,..,..,..,..,..,..,..,..,..,..,..,..,..,..,..,..,..,..,..,..,..,..,..,..,..,..,..,..,..,..,..,..,..,..,..,..,..,..,..,..,..,..,..,..,..,..,..,..,..,..,..,..
Philippines,1045,..,1902,26,1153,1116,..,1870,30,1250,1579,..,1675,26,1281,1601,..,1746,29,1333,1694,..,1713,30,1382,1743,..,1779,26,1423,1756,..,1927,33,1508,1740,..,1995,35,1499,1729,..,2047,38,1551,1933,..,2184,40,1562,1468,..,1870,38,1305,1416,..,1873,43,1563
Poland,39,..,..,19.3,..,..,..,..,..,..,..,..,..,..,..,..,..,..,..,..,..,..,..,..,..,..,..,..,..,..,..,..,..,..,..,..,..,..,..,..,..,..,..,..,..,..,..,..,..,..,..,..,..,..,..,..,..,..,..,..
Portugal,..,..,..,..,..,56.435,230.39,45.7,9.769,..,54.1,216.3,44.9,9.6,..,54.9,212.4,43.5,9.675,..,59.1,216.2,43.6,10.2,..,69.7,223.8,58.6,15.4,5.4,80.3,237.5,48.5,16.6,6.9,93,253.5,50.4,18.2,8.5,107.6,267.5,54.6,19.8,10,115.8,283.4,..,21.2,11.1,103.5,262.3,..,18.9,10.6,..,..,..,..,..
Puerto Rico,12.4,..,..,..,..,13,..,..,..,..,13.8,..,..,..,..,14.8,..,..,..,..,15.5,..,..,..,..,15.3,..,..,..,..,17.2,59.7,5.3,1,2.2,16.4,58.4,5.3,0.9,1.9,13.6,58,5,0.8,1.7,14.6,62.4,5.1,0.7,1.7,10.2,43.3,4.4,0.7,1.5,..,..,..,..,..
Qatar,..,..,..,..,..,..,..,..,..,..,..,..,..,..,..,..,..,..,..,..,..,..,..,..,..,..,..,..,..,..,..,..,..,..,..,..,..,..,..,..,..,..,..,..,..,..,..,..,..,..,..,..,..,..,..,..,..,..,..,..
Reunion,1.619,4.79,3.721,0.648,..,1.644,4.916,3.888,0.7,..,1.6,5.1,3.8,0.6,..,1.7,5.2,4,0.7,..,1.7,5.3,4,0.6,..,1.9,5.8,4,0.7,..,1.7,6.2,4.2,0.7,..,1.7,6.3,4.5,0.7,..,1.7,5.6,4.3,0.7,..,1.8,7.5,4.7,0.7,..,..,..,..,..,..,..,..,..,..,..
Romania,35.1,93.2,202.2,8.6,29.6,35.4,102,210.6,9.2,32.3,..,..,..,..,..,..,..,..,..,..,50.035,111.812,131.894,..,55.634,39.767,126.42,123.046,..,53.522,45.282,144.122,125.039,..,57.253,..,..,..,..,..,..,..,..,..,..,..,..,..,..,..,..,..,..,..,..,..,..,..,..,..
Russian Federation,143.066,..,..,48.312,..,150.515,..,..,47.452,..,153.65,..,..,48.662,..,154.9,..,..,50.144,..,166.1,..,..,45.5,..,478.5,..,..,48.4,..,..,..,..,40,..,..,..,..,47.2,..,..,..,..,66.7,..,..,..,..,61.3,..,..,..,..,..,..,..,..,..,..,..
Rwanda,..,..,..,..,..,..,..,..,..,..,..,..,..,..,..,..,..,..,..,..,..,..,..,..,..,..,..,..,..,..,..,..,..,..,..,..,..,..,..,..,..,..,..,..,..,..,..,..,..,..,..,..,..,..,..,..,..,..,..,..
Saba,..,..,..,..,..,..,..,..,..,..,..,..,..,..,..,..,..,..,..,..,..,..,..,..,..,..,..,..,..,..,..,..,..,..,..,..,..,..,..,..,..,..,..,..,..,..,..,..,..,..,..,..,..,..,..,..,..,..,..,..
Saint Kitts And Nevis,..,..,..,..,..,..,..,..,..,..,..,..,..,..,..,..,..,..,..,..,..,..,..,..,..,..,..,..,..,..,..,..,..,..,..,..,..,..,..,..,..,..,..,..,..,..,..,..,..,..,..,..,..,..,..,..,..,..,..,..
Saint Lucia,..,..,..,..,..,..,..,..,..,..,..,..,..,..,..,..,..,..,..,..,..,..,..,..,..,..,..,..,..,..,..,..,..,..,..,..,..,..,..,..,..,..,..,..,..,..,..,..,..,..,..,..,..,..,..,..,..,..,..,..
Saint Vincent And The Grenadines,..,..,..,..,..,..,..,..,..,..,..,..,..,..,..,..,..,..,..,..,..,..,..,..,..,..,..,..,..,..,..,..,..,..,..,..,..,..,..,..,..,..,..,..,..,..,..,..,..,..,..,..,..,..,..,..,..,..,..,..
Samoa,..,..,..,..,..,..,..,..,..,..,..,..,..,..,..,..,..,..,..,..,..,..,..,..,..,..,..,..,..,..,..,..,..,..,..,..,..,..,..,..,..,..,..,..,..,..,..,..,..,..,..,..,..,..,..,..,..,..,..,..
San Marino,0.085,0.539,0.049,0.166,..,0.119,0.529,0.056,0.165,..,0.139,0.523,0.053,0.175,..,0.14,0.559,0.049,0.182,..,0.129,0.574,0.048,0.193,..,0.111,0.63,0.05,0.203,..,0.7,..,0.2,0.1,..,0.7,..,0.2,0.1,..,0.7,..,0.2,0.1,..,0.7,..,0.2,0.1,..,0.146,0.73,0.075,0.219,..,..,..,..,..,..
Sao Tome And Principe,..,..,..,..,..,..,..,..,..,..,..,..,..,..,..,..,..,..,..,..,..,..,..,..,..,..,..,..,..,..,..,..,..,..,..,..,..,..,..,..,..,..,..,..,..,..,..,..,..,..,..,..,..,..,..,..,..,..,..,..
Saudi Arabia,83.906,306.275,159.982,11.928,67.218,97.675,314.704,133.906,12.488,70.573,103.798,348.73,145.396,13.83,86.36,110.236,376.202,146.407,35.278,128.947,115.1,392.8,152.8,36.8,134.6,105.171,268.188,79.565,15.23,9.067,108.251,283.07,84.74368138,24.092,17.12231862,115,289.5,88.3,25.1,18.1,118.9,298.5,90.9,25.6,18.6,124.6755865,306.5075729,94.30917448,26.32721057,19.2671277,94.7,455.2,50.9,14.8,67.7,..,..,..,..,..
Senegal,..,..,..,..,..,..,..,..,..,..,..,..,..,..,..,..,..,..,..,..,..,..,..,..,..,..,..,..,..,..,..,..,..,..,..,..,..,..,..,..,..,..,..,..,..,..,..,..,..,..,..,..,..,..,..,..,..,..,..,..
Serbia,15,55.3,74.7,6.5,..,14,44.8,65.8,6.1,..,11.8,45.8,61,4.9,..,8,49.4,66,2.7,..,9.6,54.9,66,2.2,..,12.9,70.3,61.2,6,..,12.2,71.9,59.9,5.9,..,13.9,75.6,62.2,3.8,..,15.4,82.3,59.5,3.3,..,15.7,84.5,53.2,4,..,13.1,75.1,52.2,3.8,..,..,..,..,..,..
Serbia And Montenegro,..,..,..,..,..,..,..,..,..,..,..,..,..,..,..,..,..,..,..,..,..,..,..,..,..,..,..,..,..,..,..,..,..,..,..,..,..,..,..,..,..,..,..,..,..,..,..,..,..,..,..,..,..,..,..,..,..,..,..,..
Seychelles,..,..,..,..,..,..,..,..,..,..,..,..,..,..,..,..,..,..,..,..,..,..,..,..,..,..,..,..,..,..,..,..,..,..,..,..,..,..,..,..,..,..,..,..,..,..,..,..,..,..,..,..,..,..,..,..,..,..,..,..
Sierra Leone,1.9,1.449,..,0.189,0.112,2.587,1.686,..,0.26,0.154,3.13,2,0.1,0.5,0.254,6,3,0.2,0.7,0.5,3.605,1.621,..,0.378,0.469,1.7,0.6,..,0.5,0.6,..,..,..,..,..,2.5,0.7,28,2.6,0.4,4.1,1.3,26.6,4.2,0.9,3.9,1.5,25.5,4.5,1.2,4,5.1,23.4,3.1,1.5,4.2,5.5,23.7,3.2,1.5
Singapore,..,..,..,..,..,..,..,..,..,..,..,..,..,..,..,..,..,..,..,..,..,..,..,..,..,..,..,..,..,..,..,..,..,..,..,..,..,..,..,..,..,..,..,..,..,..,..,..,..,..,..,..,..,..,..,..,..,..,..,..
Sint Eustatius,..,..,..,..,..,..,..,..,..,..,..,..,..,..,..,..,..,..,..,..,..,..,..,..,..,..,..,..,..,..,..,..,..,..,..,..,..,..,..,..,..,..,..,..,..,..,..,..,..,..,..,..,..,..,..,..,..,..,..,..
Sint Maarten (Dutch Part),..,..,..,..,..,..,..,..,..,..,..,..,..,..,..,..,..,..,..,..,..,..,..,..,..,..,..,..,..,..,..,..,..,..,..,..,..,..,..,..,..,..,..,..,..,..,..,..,..,..,..,..,..,..,..,..,..,..,..,..
Slovakia,10.9,39,22.1,2.8,19.9,13.1,47.5,22.4,2.2,21.7,12.2,56.3,22.6,2.3,21.7,12.8,54.1,21,2.3,21.7,14,59.2,22.2,2.3,24.5,14.7,58.7,23.5,2.2,25.1,15.4,58.9,23.9,2.7,25.9,15.9,63,24.4,2.6,26.8,16.3,65.2,25.3,2.8,26.9,16.8,69,25.5,2.9,27.8,..,..,..,..,..,..,..,..,..,..
Slovenia,9.177,21.758,6.097,1.783,10.601,9.052,21.755,6.147,1.743,10.478,8.899,20.996,6.183,1.847,10.281,8.4,20.7,6.1,1.8,10.3,8.3,21.7,6.4,1.8,10.7,8.4,22.4,6.5,1.9,11.1,8.6,24,6.7,1.9,11.6,9.2,24.5,7.1,2.1,11.9,9.5,25.3,7.5,2.3,12.2,9.7,26.1,7.1,2.4,12.5,8.1,22.6,6.4,1.7,11.9,9.471,24.693,6.331,1.791,11.969
Solomon Islands,..,..,..,..,..,..,..,..,..,..,..,..,..,..,..,..,..,..,..,..,..,..,..,..,..,..,..,..,..,..,..,..,..,..,..,..,..,..,..,..,..,..,..,..,..,..,..,..,..,..,..,..,..,..,..,..,..,..,..,..
Somalia,..,..,..,..,..,..,..,..,..,..,..,..,..,..,..,..,..,..,..,..,..,..,..,..,..,..,..,..,..,..,..,..,..,..,..,..,..,..,..,..,..,..,..,..,..,..,..,..,..,..,..,..,..,..,..,..,..,..,..,..
South Africa,112.7,107.8,202.7,22.2,121.9,125.3,123.7,222.4,19.2,132.3,119.4,121.2,244,17.8,144,102.1,117.7,239.5,24.7,174.9,113.8,125.3,233,30.1,186.3,132.9,113.1,209.2,29.1,151.2,127.6,122.3,195.6,30.8,154.2,127.3,94.4,187,31,136.2,125.8,96.7,201.7,31.3,156.2,118.3,147.8,276.4,32.5,198.5,..,..,..,..,..,..,..,..,..,..
South Sudan,..,..,..,..,..,..,..,..,..,..,..,..,..,..,..,..,..,..,..,..,..,..,..,..,..,..,..,..,..,..,..,..,..,..,..,..,..,..,..,..,..,..,..,..,..,..,..,..,..,..,..,..,..,..,..,..,..,..,..,..
Spain,294.438,1057.623,280.767,55.692,432.4,320.012,1040.288,273.173,53.719,432.971,282.136,1016.518,257.89,54.354,427.84,276.159,1019.399,257.342,55.724,437.89,281.373,1082.036,267.55,62.144,469.573,303.2,1160.8,264.9,74.7,477.6,354.7,1208.2,269,65.1,509.5,354.7,1234.6,278.9,65.5,529.3,361.4,1298.5,281.3,78.7,537.1,360.134,1307.576,317.596,70.119,570.425,276.2,1113.39,288.436,63.124,550.089,271.6,1144.2,265.4,66.3,573.8
Sri Lanka,33.132,..,5.53,7.961,8.4,39.901,..,5.655,4.236,7.994,47.7,..,5.7,6.4,8,90.4,..,5.9,7,9.2,105.001,..,5.936,9.092,9.761,109.567,..,6.369,9.483,10.511,118.258,..,7.154,9.734,10.969,127.475,..,7.521,9.949,11.424,136.782,..,8.267,11.256,12.698,139.754,..,8.629,11.759,13.45,141.668,..,8.752,11.926,13.644,..,..,..,..,..
State Of Palestine,1.974,8.049,0.9,0.511,4.628,2.7,8.777,0.9,0.807,2.801,3.1,13.5,0.6,0.8,5.1,2.9,13.6,0.3,0.9,3.5,3.3,16.3,0.4,0.8,5.7,3,14.1,0.5,0.8,3.3,2.5,18.7,1.3,0.9,5.2,3,20.8,1.2,1.1,7.9,3,20.9,1.3,1.1,8.6,2.9,26.2,0.8,1.5,10.2,3.5,22.6,5,1.2,4,4.1,27.3,4.9,0.9,3.6
Sudan,..,..,..,..,..,..,..,..,..,..,..,..,..,..,..,..,..,..,..,..,..,..,..,..,..,..,..,..,..,..,..,..,..,..,..,..,..,..,..,..,..,..,..,..,..,..,..,..,..,..,..,..,..,..,..,..,..,..,..,..
Suriname,..,..,..,..,..,..,..,..,..,..,..,..,..,..,..,..,..,..,..,..,..,..,..,..,..,..,..,..,..,..,..,..,..,..,..,..,..,..,..,..,..,..,..,..,..,..,..,..,..,..,..,..,..,..,..,..,..,..,..,..
Sweden,..,..,..,..,..,..,..,..,..,..,..,..,..,..,..,..,..,..,..,..,..,..,..,..,..,31.5,23.1,14.6,10.5,56.3,33.3,23.3,14.7,9.7,57.4,34.4,25,13.8,10,50.1,35.3,25,14.3,9.8,48.8,35.8,24.9,13.5,9.8,51,30.2,21,12.4,9.4,50.4,..,..,..,..,..
Switzerland,31.9,35.6,28.6,13.5,40.7,29.8,36.5,30,13.4,41.1,29.9,37.6,31,13.4,41.9,31.1,35.7,31.6,13.4,42.8,32.1,36.6,32,13.5,43.4,31.4,41.4,31.8,13.2,43.8,31.7,41.7,32.2,13,43.7,32.1,43,32.7,14.1,44.2,33,43.9,33.5,13.6,45,32.2,44.2,34.7,13.4,45.6,30,40,34.4,12.8,42.2,..,..,..,..,..
Syrian Arab Republic,..,..,..,..,..,..,..,..,..,..,..,..,..,..,..,..,..,..,..,..,..,..,..,..,..,..,..,..,..,..,..,..,..,..,..,..,..,..,..,..,..,..,..,..,..,..,..,..,..,..,..,..,..,..,..,..,..,..,..,..
Taiwan Province Of China,63.1,..,..,69.1,4.1,65.4,..,..,75.5,4.1,68,..,..,82.8,3.9,70.2,..,..,86.4,3.9,75.7,..,..,91.3,4.7,84.7,..,..,95.9,4.6,93.1,..,..,99.4,4.6,..,..,..,100.7,..,..,..,..,101.6,..,..,..,..,105.2,..,..,..,..,102.9,..,..,..,..,100.1,..
Tajikistan,..,..,..,..,..,..,..,..,..,..,1,15,0.2,0.3,0.1,1.5,16.5,0.5,0.4,0.2,..,..,..,..,..,1.6,16.7,0.7,0.5,0.3,1.7,17,0.7,0.7,0.3,1.7,17.2,0.8,0.9,0.4,3.7,17.4,0.9,0.9,0.3,..,..,..,..,..,..,..,..,..,..,..,..,..,..,..
"Tanzania, United Republic Of",..,..,..,..,..,..,..,..,..,..,..,..,..,..,..,..,..,..,..,..,..,..,..,..,..,..,..,..,..,..,..,..,..,..,..,..,..,..,..,..,..,..,..,..,..,..,..,..,..,..,..,..,..,..,..,..,..,..,..,..
Thailand,..,..,..,..,..,..,..,..,..,..,..,..,..,..,..,494.6,2083.3,695.8,68.2,727.5,503.9,2100.9,700.4,64.5,719.8,516.1,2129.4,716.7,70,735.9,532.6,2198.3,718.8,70.8,737.2,..,..,..,..,..,..,..,..,..,..,..,..,..,..,..,..,..,..,..,..,..,..,..,..,..
Timor-Leste,..,..,..,..,..,..,..,..,..,..,..,..,..,..,..,..,..,..,..,..,..,..,..,..,..,..,..,..,..,..,..,..,..,..,..,..,..,..,..,..,..,..,..,..,..,..,..,..,..,..,..,..,..,..,..,..,..,..,..,..
Togo,1.8,..,..,..,..,4.3,..,..,..,..,4.3,..,..,..,..,4.3,..,..,..,..,4.3,..,..,..,..,4.3,..,..,..,..,4,..,..,..,..,12,..,..,..,..,12,..,..,..,..,12,..,..,..,..,..,..,..,..,..,..,..,..,..,..
Tonga,..,..,..,..,..,..,..,..,..,..,..,..,..,..,..,..,..,..,..,..,..,..,..,..,..,..,..,..,..,..,..,..,..,..,..,..,..,..,..,..,..,..,..,..,..,..,..,..,..,..,..,..,..,..,..,..,..,..,..,..
Trinidad And Tobago,..,..,..,..,..,..,..,..,..,..,..,..,..,..,..,..,..,..,..,..,..,..,..,..,..,..,..,..,..,..,..,..,..,..,..,..,..,..,..,..,..,..,..,..,..,..,..,..,..,..,..,..,..,..,..,..,..,..,..,..
Tunisia,..,..,..,..,..,..,..,..,..,..,..,..,..,..,..,..,..,..,..,..,..,..,..,..,..,..,..,..,..,..,..,..,..,..,..,..,..,..,..,..,..,..,..,..,..,..,..,..,..,..,..,..,..,..,..,..,..,..,..,..
Türkiye,..,..,..,..,..,..,..,..,..,..,230,676,165,29,..,260,743,193,32,..,250,767,192,39,..,287,840,204,37,..,252,841,228,42,82,278,864,252,36,88,331,905,264,37,109,352,918,263,41,100,280,732,234,32,77,293.2,747.9,237.7,45.1,113.1
Turkmenistan,..,..,..,..,..,..,..,..,..,..,..,..,..,..,..,..,..,..,..,..,..,..,..,..,..,..,..,..,..,..,..,..,..,..,..,..,..,..,..,..,..,..,..,..,..,..,..,..,..,..,..,..,..,..,..,..,..,..,..,..
Turks And Caicos Islands,..,..,..,..,..,..,..,..,..,..,..,..,..,..,..,..,..,..,..,..,..,..,..,..,..,..,..,..,..,..,..,..,..,..,..,..,..,..,..,..,..,..,..,..,..,..,..,..,..,..,..,..,..,..,..,..,..,..,..,..
Tuvalu,..,..,..,..,..,..,..,..,..,..,..,..,..,..,..,..,..,..,..,..,..,..,..,..,..,..,..,..,..,..,..,..,..,..,..,..,..,..,..,..,..,..,..,..,..,..,..,..,..,..,..,..,..,..,..,..,..,..,..,..
Uganda,..,..,..,..,..,..,..,..,..,..,..,..,..,..,..,..,..,..,..,..,..,..,..,..,..,..,..,..,..,..,..,..,..,..,..,..,..,..,..,..,..,..,..,..,..,..,..,..,..,..,..,..,..,..,..,..,..,..,..,..
Ukraine,..,..,..,..,..,..,..,..,..,..,..,..,..,..,..,..,..,..,..,..,..,..,..,..,..,..,..,..,..,..,..,..,..,..,..,..,..,..,..,..,..,..,..,..,..,..,..,..,..,..,..,..,..,..,..,..,..,..,..,..
United Arab Emirates,..,..,..,..,..,..,..,..,..,..,..,..,..,..,..,..,..,..,..,..,..,..,..,..,..,..,..,..,..,..,..,..,..,..,..,6.6,140.4,65.5,8.1,18.4,104.1,278.8,112.5,52.6,31.8,95.5,286.1,156,58.2,39.2,..,..,..,..,..,..,..,..,..,..
United Kingdom,308.4183413,1414,222.8765321,92,517.5795764,343.191,1437,218.8872273,94,504.8597836,339.076,1452,220.9279623,99,525.5294755,346.483,1424,223.4882868,95,545.4149469,351.5,1604,226,93,548.4,371.5,1420,224,105.4,592.3,293.5,1396.3,232.9,100,635,..,..,..,..,..,..,..,..,..,..,..,..,..,..,..,..,..,..,..,..,..,..,..,..,..
United States Of America,1309.841737,1322.953195,947.8536054,175.0285431,1141.88263,1342.867944,1393.164821,989.5379476,176.6414675,1187.160056,1374.400309,1476.041661,1005.044686,180.7588101,1195.860459,1400.241036,1563.613082,1028.560907,181.4354943,1268.991504,1430.31469,1640.855734,1035.778152,178.216587,1272.424854,1460.091656,1662.327224,1087.139554,184.0727958,1280.901808,1480.956909,1683.640001,1115.826531,196.0930021,1299.379875,1512.714333,1652.130977,1159.716201,198.333437,1298.746546,1537,1776,795,204,1775,1565,1701,818,203,1768,1083,878,611,156,1144,..,..,..,..,..
United States Virgin Islands,3.592,2.803,0.443,..,1.478,3.549,2.959,0.493,..,1.468,3.605,2.787,0.459,..,1.442,3.605,2.765,0.576,..,1.257,3.575,2.809,0.563,..,1.224,3.629,2.765,0.539,..,1.226,3.617,3.17,0.508,..,1.135,3.329,2.765,0.517,..,0.721,1.559,2.42,0.388,..,0.726,..,..,..,..,..,..,..,..,..,..,..,..,..,..,..
Uruguay,12.2,37.7,34.1,2.6,40,11.9,41,38.5,2.7,45.7,9.8,38.5,23.2,3.8,14.2,13.1,38,23.7,3.4,14.2,11.9,42.1,19.3,3.5,22.5,11.9,44.7,19.4,3,20.4,13.3,44.8,26.7,3.5,15.2,12.75,48.85,23.81,4.17,14.1,12.15,49.1,25.3,3.8,15.2,11.1,50.9,26.8,4.2,23.5,..,..,..,..,..,..,..,..,..,..
Uzbekistan,..,..,..,..,..,..,..,..,..,..,..,..,..,..,..,..,..,..,..,..,40.6,..,..,1.7,..,40.7,..,..,1.8,..,43.3,..,..,2,..,47.7,..,..,1.9,..,47.6,..,..,2.4,..,48.3,..,..,2.9,..,..,..,..,..,..,..,..,..,..,..
Vanuatu,..,..,..,..,..,..,..,..,..,..,..,..,..,..,..,..,..,..,..,..,..,..,..,..,..,..,..,..,..,..,..,..,..,..,..,..,..,..,..,..,..,..,..,..,..,..,..,..,..,..,..,..,..,..,..,..,..,..,..,..
"Venezuela, Bolivarian Republic Of",..,..,..,..,..,..,..,..,..,..,..,..,..,..,..,..,..,..,..,..,..,..,..,..,..,..,..,..,..,..,..,..,..,..,..,..,..,..,..,..,..,..,..,..,..,..,..,..,..,..,..,..,..,..,..,..,..,..,..,..
Viet Nam,..,..,..,..,..,..,..,..,..,..,..,..,..,..,..,..,..,..,..,..,..,..,..,..,..,..,..,..,..,..,..,..,..,..,..,..,..,..,..,..,..,..,..,..,..,..,..,..,..,..,..,..,..,..,..,..,..,..,..,..
Yemen,..,..,..,..,..,..,..,..,..,..,..,..,..,..,..,..,..,..,..,..,..,..,..,..,..,..,..,..,..,..,..,..,..,..,..,..,..,..,..,..,..,..,..,..,..,..,..,..,..,..,..,..,..,..,..,..,..,..,..,..
Zambia,..,..,..,..,..,..,..,..,..,..,44.292,..,..,..,..,57.337,..,..,..,..,57.003,..,..,..,..,57.347,..,..,..,..,58.801,..,..,..,..,57.347,..,..,..,..,57.899,..,..,..,..,58.124,..,..,..,..,72.136,..,..,..,19.967,..,..,..,..,..
Zimbabwe,..,..,..,..,..,..,..,..,..,..,..,..,..,..,..,..,..,..,..,..,..,..,..,..,..,..,..,..,..,..,..,..,..,..,..,..,..,..,..,..,..,..,..,..,..,..,..,..,..,..,..,..,..,..,..,..,..,..,..,..
